{
    "id": "CH4EnemyRecreations",
    "version": "1.0.0",
    "engineVersion": "0.10.0-dev",

    "authors": [
        "J.A.R.U.",            // Complied everything into this library. 
                               // Also recreated Guei's actorsprite, Guei's enemy & encounter files, and a few enemy attacks.

        "NelleMonelle",        // Recreated nearly all of the ActorSprites for the enemies, a majority of their ACTs, and made their enemy & encounter files.

        "Diamond Deltahedron", // Helped recreate a few enemy attacks, namely Guei's.

        "HmmNoPls",            // Ported the "scr_lerpvar" function from Deltarune, among a few other lerping functions.
                               // Also recreated Winglade and helped with recreating one of Organikk's attacks.

        "nofo:jp",             // Ported the rest of Organikk's attacks.

        "YeetusSnoopy",        // A couple things from their Titan Spawn library, which were used as a basis for the Titan Spawn enemy recreation here.

        "NyakoFox",            // being awesome and swag
    ],

    "config": {}
}