{
    // The ID of your mod. Should be unique!!
    "id": "nth_sanctum",
    // Displays on the main menu.
    "name": "#th Sanctuary",
    // Displays underneath the name. Optional.
    "subtitle": "Deltarune B3313!",

    "useSaves": true,

    // The version of your mod.
    "version": "v0.1.5",
    // What version of the engine your mod was made with.
    "engineVer": null,

    // The Deltarune chapter you'd like to base your mod off of.
    // Do keep in mind that you can control chapter-specific features
    // one by one using the config below.
    "chapter": 4,

    // The map that you start in when first starting the mod.
    "map": "base_sanctum_center",

    // The party. The first character is the player.
    "party": ["kris", "susie", "ralsei"],

    // The inventory. Contains three darkburgers, a cell phone and a shadow crystal by default.
    "inventory": {
        "items": ["scarlixir","scarlixir","scarlixir","rhapsotea","rhapsotea","rhapsotea","ancientsweet"],
        "key_items": ["cell_phone", "shadowcrystal", "claimbclaws"]
    },

    // Equipment for your party. Not specifying equipment defaults to the following.
    "equipment": {
        "kris": {
            "weapon": "blackshard",
            "armor": ["waferguard", "tennatie"]
        },
        "susie": {
            "weapon": "absorbax",
            "armor": ["spikeband", "shadowmantle"]
        },
        "ralsei": {
            "weapon": "scarfmark",
            "armor": ["princessrbn", ""]
        }
    },

    // Should never be true, but just in case. Restarts the entire engine when leaving the mod.
    // If you need this, you're most likely doing something wrong.
    "hardReset": false,

    // Whether the mod is hidden from the mod selection.
    "hidden": false,

    // Whether the game window's title should be set to the mod's name, and the icon to the image
    // in the file `window_icon.png`.
    // When your mod is configured as the engine's target mod, it's automatically done unless if
    // this option is explicitly set to false; else, it's done if this is set to true.
    "setWindowTitleAndIcon": false,
    "setWindowTitle": false,

    // Config values for the engine and any libraries you may have.
    // These config values can control chapter-specific features as well.
    "config": {
        "kristal": {
            "targetSystem": true
            // End of config
        }
    }
}